Gene	Module
9606.ENSP00000307634	0
9606.ENSP00000363822	0
9606.ENSP00000498246	0
9606.ENSP00000449270	0
9606.ENSP00000307786	0
9606.ENSP00000310003	0
9606.ENSP00000361930	0
9606.ENSP00000287934	0
9606.ENSP00000296140	0
9606.ENSP00000383199	0
9606.ENSP00000473172	0
9606.ENSP00000242728	0
9606.ENSP00000223023	0
9606.ENSP00000316338	0
9606.ENSP00000306884	0
9606.ENSP00000008527	0
9606.ENSP00000008391	0
9606.ENSP00000296257	0
9606.ENSP00000266987	0
9606.ENSP00000355192	0
9606.ENSP00000376097	0
9606.ENSP00000262738	0
9606.ENSP00000348416	0
9606.ENSP00000364802	0
9606.ENSP00000262178	0
9606.ENSP00000309052	0
9606.ENSP00000482620	0
9606.ENSP00000318297	0
9606.ENSP00000238738	0
9606.ENSP00000381876	0
9606.ENSP00000262879	0
9606.ENSP00000269305	0
9606.ENSP00000262305	0
9606.ENSP00000345064	0
9606.ENSP00000284981	0
9606.ENSP00000408342	0
9606.ENSP00000262719	0
9606.ENSP00000426653	0
9606.ENSP00000341779	0
9606.ENSP00000362680	0
9606.ENSP00000349446	0
9606.ENSP00000362547	0
9606.ENSP00000356607	0
9606.ENSP00000230449	0
9606.ENSP00000310928	0
9606.ENSP00000260762	0
9606.ENSP00000309968	0
9606.ENSP00000359000	0
9606.ENSP00000349437	0
9606.ENSP00000327025	0
9606.ENSP00000298292	0
9606.ENSP00000310226	0
9606.ENSP00000495360	0
9606.ENSP00000390423	0
9606.ENSP00000262457	0
9606.ENSP00000370695	0
9606.ENSP00000323867	0
9606.ENSP00000302961	0
9606.ENSP00000306253	0
9606.ENSP00000356737	0
9606.ENSP00000450607	0
9606.ENSP00000498587	0
9606.ENSP00000004531	0
9606.ENSP00000479168	0
9606.ENSP00000314615	0
9606.ENSP00000000233	0
9606.ENSP00000292174	0
9606.ENSP00000335153	0
9606.ENSP00000262138	0
9606.ENSP00000006658	0
9606.ENSP00000371180	0
9606.ENSP00000266503	0
9606.ENSP00000311035	0
9606.ENSP00000398632	0
9606.ENSP00000362795	0
9606.ENSP00000378563	0
9606.ENSP00000365441	0
9606.ENSP00000407586	0
9606.ENSP00000385523	0
9606.ENSP00000432459	0
9606.ENSP00000300589	0
9606.ENSP00000376432	0
9606.ENSP00000380044	0
9606.ENSP00000359424	0
9606.ENSP00000346671	0
9606.ENSP00000379287	0
9606.ENSP00000367832	0
9606.ENSP00000359596	0
9606.ENSP00000280350	0
9606.ENSP00000234389	0
9606.ENSP00000378365	0
9606.ENSP00000474725	0
9606.ENSP00000226317	0
9606.ENSP00000358696	0
9606.ENSP00000402346	0
9606.ENSP00000317128	0
9606.ENSP00000366488	0
9606.ENSP00000313811	0
9606.ENSP00000264938	0
9606.ENSP00000374507	0
9606.ENSP00000373489	0
9606.ENSP00000297185	0
9606.ENSP00000379350	0
9606.ENSP00000332504	0
9606.ENSP00000365042	0
9606.ENSP00000389095	0
9606.ENSP00000078429	0
9606.ENSP00000441930	0
9606.ENSP00000306010	0
9606.ENSP00000298316	0
9606.ENSP00000265371	0
9606.ENSP00000287878	0
9606.ENSP00000499717	0
9606.ENSP00000280377	0
9606.ENSP00000409581	0
9606.ENSP00000379682	0
9606.ENSP00000381531	0
9606.ENSP00000361662	0
9606.ENSP00000363435	0
9606.ENSP00000252729	0
9606.ENSP00000408005	0
9606.ENSP00000426983	0
9606.ENSP00000262319	0
9606.ENSP00000263245	0
9606.ENSP00000253861	0
9606.ENSP00000262320	0
9606.ENSP00000260408	0
9606.ENSP00000262053	0
9606.ENSP00000357484	0
9606.ENSP00000263388	0
9606.ENSP00000345785	0
9606.ENSP00000492363	0
9606.ENSP00000345873	0
9606.ENSP00000337393	0
9606.ENSP00000358866	0
9606.ENSP00000375647	0
9606.ENSP00000352882	0
9606.ENSP00000282499	0
9606.ENSP00000478763	0
9606.ENSP00000261349	0
9606.ENSP00000385675	0
9606.ENSP00000326804	0
9606.ENSP00000484121	0
9606.ENSP00000357459	0
9606.ENSP00000340019	0
9606.ENSP00000397133	0
9606.ENSP00000323740	0
9606.ENSP00000221957	0
9606.ENSP00000316054	0
9606.ENSP00000262613	0
9606.ENSP00000251871	0
9606.ENSP00000376792	0
9606.ENSP00000276449	0
9606.ENSP00000440005	0
9606.ENSP00000315299	0
9606.ENSP00000386884	0
9606.ENSP00000264414	0
9606.ENSP00000225844	0
9606.ENSP00000491717	0
9606.ENSP00000353292	0
9606.ENSP00000286301	0
9606.ENSP00000217244	0
9606.ENSP00000202677	0
9606.ENSP00000420213	0
9606.ENSP00000300061	0
9606.ENSP00000369689	0
9606.ENSP00000352069	0
9606.ENSP00000347834	0
9606.ENSP00000346148	0
9606.ENSP00000311344	0
9606.ENSP00000225831	0
9606.ENSP00000392330	0
9606.ENSP00000229135	0
9606.ENSP00000412237	0
9606.ENSP00000286201	0
9606.ENSP00000482075	0
9606.ENSP00000354621	0
9606.ENSP00000320508	0
9606.ENSP00000365503	0
9606.ENSP00000438085	0
9606.ENSP00000216479	0
9606.ENSP00000295683	0
9606.ENSP00000286758	0
9606.ENSP00000305651	0
9606.ENSP00000428994	0
9606.ENSP00000449404	0
9606.ENSP00000219244	0
9606.ENSP00000325526	0
9606.ENSP00000356989	0
9606.ENSP00000219548	0
9606.ENSP00000451828	0
9606.ENSP00000293379	0
9606.ENSP00000483313	0
9606.ENSP00000327145	0
9606.ENSP00000297689	0
9606.ENSP00000256495	0
9606.ENSP00000222005	0
9606.ENSP00000419465	0
9606.ENSP00000493623	0
9606.ENSP00000365116	0
9606.ENSP00000286548	0
9606.ENSP00000331342	0
9606.ENSP00000261783	0
9606.ENSP00000371175	0
9606.ENSP00000347778	0
9606.ENSP00000380227	0
9606.ENSP00000377840	0
9606.ENSP00000261170	0
9606.ENSP00000303754	0
9606.ENSP00000268459	0
9606.ENSP00000292169	0
9606.ENSP00000400175	0
9606.ENSP00000234701	0
9606.ENSP00000351605	0
9606.ENSP00000386962	0
9606.ENSP00000356231	0
9606.ENSP00000364163	0
9606.ENSP00000292303	0
9606.ENSP00000261523	0
9606.ENSP00000265560	0
9606.ENSP00000364235	0
9606.ENSP00000225842	0
9606.ENSP00000360609	0
9606.ENSP00000345751	0
9606.ENSP00000262461	0
9606.ENSP00000386559	0
9606.ENSP00000350256	0
9606.ENSP00000372023	0
9606.ENSP00000264832	0
9606.ENSP00000454468	0
9606.ENSP00000387286	0
9606.ENSP00000282611	0
9606.ENSP00000299853	0
9606.ENSP00000313391	0
9606.ENSP00000325120	0
9606.ENSP00000404911	0
9606.ENSP00000261601	0
9606.ENSP00000333813	0
9606.ENSP00000419081	0
9606.ENSP00000476948	0
9606.ENSP00000390084	0
9606.ENSP00000351646	0
9606.ENSP00000272133	0
9606.ENSP00000498786	0
9606.ENSP00000354607	0
9606.ENSP00000296029	0
9606.ENSP00000359206	0
9606.ENSP00000301455	0
9606.ENSP00000228251	0
9606.ENSP00000229030	0
9606.ENSP00000361027	0
9606.ENSP00000281419	0
9606.ENSP00000300935	0
9606.ENSP00000457411	0
9606.ENSP00000420211	0
9606.ENSP00000470248	0
9606.ENSP00000383003	0
9606.ENSP00000368880	0
9606.ENSP00000364683	0
9606.ENSP00000314420	0
9606.ENSP00000300093	0
9606.ENSP00000215754	0
9606.ENSP00000478303	0
9606.ENSP00000270458	0
9606.ENSP00000396198	0
9606.ENSP00000442770	0
9606.ENSP00000367872	0
9606.ENSP00000334448	0
9606.ENSP00000263269	0
9606.ENSP00000497274	0
9606.ENSP00000324173	0
9606.ENSP00000356230	0
9606.ENSP00000005284	0
9606.ENSP00000342143	0
9606.ENSP00000320025	0
9606.ENSP00000363826	0
9606.ENSP00000481554	0
9606.ENSP00000342793	0
9606.ENSP00000351777	0
9606.ENSP00000254322	0
9606.ENSP00000405330	0
9606.ENSP00000368824	0
9606.ENSP00000496959	0
9606.ENSP00000372169	0
9606.ENSP00000436836	0
9606.ENSP00000295121	0
9606.ENSP00000256682	0
9606.ENSP00000437125	0
9606.ENSP00000352608	0
9606.ENSP00000309591	0
9606.ENSP00000301050	0
9606.ENSP00000290167	0
9606.ENSP00000499797	0
9606.ENSP00000274376	0
9606.ENSP00000473553	0
9606.ENSP00000310006	0
9606.ENSP00000496593	0
9606.ENSP00000401888	0
9606.ENSP00000003302	0
9606.ENSP00000256474	0
9606.ENSP00000005587	0
9606.ENSP00000354558	0
9606.ENSP00000308548	0
9606.ENSP00000311962	0
9606.ENSP00000310405	0
9606.ENSP00000337439	0
9606.ENSP00000308815	0
9606.ENSP00000357040	0
9606.ENSP00000006053	0
9606.ENSP00000239891	0
9606.ENSP00000383067	0
9606.ENSP00000360290	0
9606.ENSP00000219255	0
9606.ENSP00000444357	0
9606.ENSP00000431512	0
9606.ENSP00000372924	0
9606.ENSP00000351059	0
9606.ENSP00000383042	0
9606.ENSP00000300105	0
9606.ENSP00000365891	0
9606.ENSP00000229268	0
9606.ENSP00000005178	0
9606.ENSP00000334100	0
9606.ENSP00000475224	0
9606.ENSP00000404131	0
9606.ENSP00000348069	0
9606.ENSP00000497260	0
9606.ENSP00000265171	0
9606.ENSP00000259607	0
9606.ENSP00000343952	0
9606.ENSP00000358081	0
9606.ENSP00000403362	0
9606.ENSP00000296526	0
9606.ENSP00000259631	0
9606.ENSP00000296027	0
9606.ENSP00000429900	0
9606.ENSP00000489442	0
9606.ENSP00000302625	0
9606.ENSP00000264718	0
9606.ENSP00000264773	0
9606.ENSP00000263851	0
9606.ENSP00000292301	0
9606.ENSP00000340989	0
9606.ENSP00000398698	0
9606.ENSP00000371278	0
9606.ENSP00000368314	0
9606.ENSP00000379873	0
9606.ENSP00000226730	0
9606.ENSP00000349493	0
9606.ENSP00000256343	0
9606.ENSP00000296695	0
9606.ENSP00000294304	0
9606.ENSP00000272519	0
9606.ENSP00000394560	0
9606.ENSP00000403701	0
9606.ENSP00000225474	0
9606.ENSP00000202017	0
9606.ENSP00000288139	0
9606.ENSP00000262435	0
9606.ENSP00000308720	0
9606.ENSP00000002829	0
9606.ENSP00000365804	0
9606.ENSP00000319635	0
9606.ENSP00000478187	0
9606.ENSP00000231487	0
9606.ENSP00000357048	0
9606.ENSP00000315644	0
9606.ENSP00000438949	0
9606.ENSP00000287936	0
9606.ENSP00000351671	0
9606.ENSP00000004982	0
9606.ENSP00000454014	0
9606.ENSP00000296849	0
9606.ENSP00000456340	0
9606.ENSP00000247461	0
9606.ENSP00000009105	0
9606.ENSP00000351255	0
9606.ENSP00000497733	0
9606.ENSP00000368166	0
9606.ENSP00000326432	0
9606.ENSP00000482093	0
9606.ENSP00000359663	0
9606.ENSP00000220772	0
9606.ENSP00000251968	0
9606.ENSP00000231509	0
9606.ENSP00000488437	0
9606.ENSP00000457230	0
9606.ENSP00000427793	0
9606.ENSP00000290691	0
9606.ENSP00000371037	0
9606.ENSP00000328327	0
9606.ENSP00000263088	0
9606.ENSP00000377265	0
9606.ENSP00000494321	0
9606.ENSP00000442954	0
9606.ENSP00000378557	0
9606.ENSP00000378199	0
9606.ENSP00000290649	0
9606.ENSP00000349824	0
9606.ENSP00000349320	0
9606.ENSP00000291295	0
9606.ENSP00000334198	0
9606.ENSP00000219235	0
9606.ENSP00000480301	0
9606.ENSP00000302234	0
9606.ENSP00000357981	0
9606.ENSP00000254657	0
9606.ENSP00000355155	0
9606.ENSP00000387699	0
9606.ENSP00000345672	0
9606.ENSP00000434442	0
9606.ENSP00000326031	0
9606.ENSP00000379721	0
9606.ENSP00000355605	0
9606.ENSP00000256078	0
9606.ENSP00000357494	0
9606.ENSP00000379098	0
9606.ENSP00000320935	0
9606.ENSP00000369554	0
9606.ENSP00000359719	0
9606.ENSP00000284523	0
9606.ENSP00000478887	0
9606.ENSP00000380793	0
9606.ENSP00000444810	0
9606.ENSP00000304283	0
9606.ENSP00000477713	0
9606.ENSP00000380948	0
9606.ENSP00000359594	0
9606.ENSP00000361120	0
9606.ENSP00000489829	0
9606.ENSP00000434034	0
9606.ENSP00000262265	0
9606.ENSP00000347754	0
9606.ENSP00000401645	0
9606.ENSP00000263339	0
9606.ENSP00000378487	0
9606.ENSP00000347742	0
9606.ENSP00000378920	0
9606.ENSP00000293778	0
9606.ENSP00000264634	0
9606.ENSP00000343129	0
9606.ENSP00000260187	0
9606.ENSP00000332549	0
9606.ENSP00000254101	0
9606.ENSP00000360608	0
9606.ENSP00000296026	0
9606.ENSP00000303192	0
9606.ENSP00000264833	0
9606.ENSP00000306330	0
9606.ENSP00000246672	0
9606.ENSP00000246657	0
9606.ENSP00000381247	0
9606.ENSP00000501092	0
9606.ENSP00000425587	0
9606.ENSP00000369127	0
9606.ENSP00000360060	0
9606.ENSP00000005260	0
9606.ENSP00000323901	0
9606.ENSP00000266304	0
9606.ENSP00000441600	0
9606.ENSP00000318641	0
9606.ENSP00000384517	0
9606.ENSP00000380379	0
9606.ENSP00000248553	0
9606.ENSP00000304643	0
9606.ENSP00000292614	0
9606.ENSP00000366093	0
9606.ENSP00000427279	0
9606.ENSP00000474412	0
9606.ENSP00000364801	0
9606.ENSP00000263038	0
9606.ENSP00000256366	0
9606.ENSP00000338934	0
9606.ENSP00000377061	0
9606.ENSP00000005257	0
9606.ENSP00000298910	0
9606.ENSP00000312995	0
9606.ENSP00000430344	0
9606.ENSP00000256646	0
9606.ENSP00000003084	0
9606.ENSP00000441543	0
9606.ENSP00000469035	0
9606.ENSP00000484855	0
9606.ENSP00000378974	0
9606.ENSP00000395704	0
9606.ENSP00000046794	0
9606.ENSP00000356102	0
9606.ENSP00000297494	0
9606.ENSP00000353582	0
9606.ENSP00000005286	0
9606.ENSP00000257430	0
9606.ENSP00000331915	0
9606.ENSP00000494689	0
9606.ENSP00000379011	0
9606.ENSP00000296871	0
9606.ENSP00000350815	0
9606.ENSP00000231449	0
9606.ENSP00000355492	0
9606.ENSP00000478771	0
9606.ENSP00000477455	0
9606.ENSP00000266376	0
9606.ENSP00000478396	0
9606.ENSP00000259512	0
9606.ENSP00000281938	0
9606.ENSP00000428924	0
9606.ENSP00000387739	0
9606.ENSP00000359385	0
9606.ENSP00000263341	0
9606.ENSP00000249071	0
9606.ENSP00000337443	0
9606.ENSP00000262506	0
9606.ENSP00000338283	0
9606.ENSP00000329419	0
9606.ENSP00000324806	0
9606.ENSP00000417175	0
9606.ENSP00000226021	0
9606.ENSP00000379110	0
9606.ENSP00000306512	0
9606.ENSP00000325002	0
9606.ENSP00000418915	0
9606.ENSP00000263966	0
9606.ENSP00000264498	0
9606.ENSP00000441369	0
9606.ENSP00000347672	0
9606.ENSP00000380432	0
9606.ENSP00000261798	0
9606.ENSP00000347454	0
9606.ENSP00000374455	0
9606.ENSP00000378248	0
9606.ENSP00000497444	0
9606.ENSP00000293549	0
9606.ENSP00000379140	0
9606.ENSP00000371475	0
9606.ENSP00000296557	0
9606.ENSP00000463069	0
9606.ENSP00000408910	0
9606.ENSP00000386443	0
9606.ENSP00000261890	0
9606.ENSP00000222823	0
9606.ENSP00000420298	0
9606.ENSP00000001008	0
9606.ENSP00000005386	0
9606.ENSP00000477908	0
9606.ENSP00000306123	0
9606.ENSP00000315182	0
9606.ENSP00000158762	0
9606.ENSP00000482259	0
9606.ENSP00000293190	0
9606.ENSP00000298552	0
9606.ENSP00000500386	0
9606.ENSP00000005340	0
9606.ENSP00000234160	0
9606.ENSP00000494750	0
9606.ENSP00000360058	0
9606.ENSP00000264867	0
9606.ENSP00000324287	0
9606.ENSP00000377075	0
9606.ENSP00000499786	0
9606.ENSP00000375086	0
9606.ENSP00000240093	0
9606.ENSP00000354901	0
9606.ENSP00000249923	0
9606.ENSP00000329200	0
9606.ENSP00000000412	0
9606.ENSP00000295822	1
9606.ENSP00000354739	1
9606.ENSP00000360850	1
9606.ENSP00000344393	1
9606.ENSP00000258955	1
9606.ENSP00000272317	1
9606.ENSP00000346037	1
9606.ENSP00000371101	1
9606.ENSP00000426909	1
9606.ENSP00000364293	1
9606.ENSP00000496044	1
9606.ENSP00000490263	1
9606.ENSP00000332604	1
9606.ENSP00000389351	1
9606.ENSP00000486252	1
9606.ENSP00000454746	1
9606.ENSP00000007390	1
9606.ENSP00000358812	1
9606.ENSP00000423399	1
9606.ENSP00000333401	1
9606.ENSP00000254803	1
9606.ENSP00000255631	1
9606.ENSP00000452763	1
9606.ENSP00000496832	1
9606.ENSP00000264263	1
9606.ENSP00000423067	1
9606.ENSP00000311430	1
9606.ENSP00000301585	1
9606.ENSP00000292574	1
9606.ENSP00000364119	1
9606.ENSP00000377814	1
9606.ENSP00000228347	1
9606.ENSP00000361446	1
9606.ENSP00000472985	1
9606.ENSP00000388107	1
9606.ENSP00000425048	1
9606.ENSP00000496250	1
9606.ENSP00000248342	1
9606.ENSP00000393241	1
9606.ENSP00000300151	1
9606.ENSP00000358140	1
9606.ENSP00000306902	1
9606.ENSP00000389103	1
9606.ENSP00000263857	1
9606.ENSP00000288022	1
9606.ENSP00000444136	1
9606.ENSP00000414321	1
9606.ENSP00000354580	1
9606.ENSP00000392094	1
9606.ENSP00000366798	1
9606.ENSP00000296102	1
9606.ENSP00000395590	1
9606.ENSP00000386655	1
9606.ENSP00000225969	1
9606.ENSP00000359345	1
9606.ENSP00000384302	1
9606.ENSP00000333837	1
9606.ENSP00000376055	1
9606.ENSP00000370589	1
9606.ENSP00000279242	1
9606.ENSP00000363308	1
9606.ENSP00000268661	1
9606.ENSP00000355541	1
9606.ENSP00000343867	1
9606.ENSP00000481697	1
9606.ENSP00000263629	1
9606.ENSP00000364320	1
9606.ENSP00000339795	1
9606.ENSP00000289371	1
9606.ENSP00000379888	1
9606.ENSP00000306788	1
9606.ENSP00000449544	1
9606.ENSP00000454786	1
9606.ENSP00000274242	1
9606.ENSP00000250784	1
9606.ENSP00000307567	1
9606.ENSP00000298283	1
9606.ENSP00000359018	1
9606.ENSP00000435777	1
9606.ENSP00000251250	1
9606.ENSP00000265195	1
9606.ENSP00000429374	1
9606.ENSP00000492441	1
9606.ENSP00000438788	1
9606.ENSP00000346050	1
9606.ENSP00000346088	1
9606.ENSP00000297990	1
9606.ENSP00000363642	1
9606.ENSP00000362105	1
9606.ENSP00000416429	1
9606.ENSP00000360034	1
9606.ENSP00000345957	1
9606.ENSP00000326981	1
9606.ENSP00000307889	1
9606.ENSP00000354722	1
9606.ENSP00000499044	1
9606.ENSP00000368927	1
9606.ENSP00000357823	1
9606.ENSP00000477781	1
9606.ENSP00000359571	1
9606.ENSP00000329858	1
9606.ENSP00000483484	1
9606.ENSP00000463784	1
9606.ENSP00000341885	1
9606.ENSP00000339844	1
9606.ENSP00000470560	1
9606.ENSP00000375632	1
9606.ENSP00000470972	1
9606.ENSP00000328854	1
9606.ENSP00000460871	1
9606.ENSP00000278572	1
9606.ENSP00000264995	1
9606.ENSP00000258455	1
9606.ENSP00000244230	1
9606.ENSP00000261637	1
9606.ENSP00000404375	1
9606.ENSP00000407613	1
9606.ENSP00000370950	1
9606.ENSP00000431040	1
9606.ENSP00000363018	1
9606.ENSP00000498019	1
9606.ENSP00000268206	1
9606.ENSP00000346001	1
9606.ENSP00000382250	1
9606.ENSP00000309830	1
9606.ENSP00000463379	1
9606.ENSP00000385725	1
9606.ENSP00000288937	1
9606.ENSP00000494697	1
9606.ENSP00000243253	1
9606.ENSP00000428223	1
9606.ENSP00000411010	1
9606.ENSP00000367806	1
9606.ENSP00000456218	1
9606.ENSP00000283109	1
9606.ENSP00000449328	1
9606.ENSP00000216554	1
9606.ENSP00000386134	1
9606.ENSP00000405068	1
9606.ENSP00000331019	1
9606.ENSP00000356548	1
9606.ENSP00000336702	1
9606.ENSP00000346080	1
9606.ENSP00000413436	1
9606.ENSP00000363746	1
9606.ENSP00000309334	1
9606.ENSP00000219252	1
9606.ENSP00000369757	1
9606.ENSP00000418221	1
9606.ENSP00000314193	1
9606.ENSP00000355315	1
9606.ENSP00000230340	1
9606.ENSP00000225430	1
9606.ENSP00000377486	1
9606.ENSP00000464813	1
9606.ENSP00000252602	1
9606.ENSP00000410746	1
9606.ENSP00000315017	1
9606.ENSP00000377640	1
9606.ENSP00000341082	1
9606.ENSP00000222247	1
9606.ENSP00000321449	1
9606.ENSP00000364398	1
9606.ENSP00000378163	1
9606.ENSP00000495273	1
9606.ENSP00000360498	1
9606.ENSP00000435096	1
9606.ENSP00000361076	1
9606.ENSP00000308897	1
9606.ENSP00000318646	1
9606.ENSP00000362036	1
9606.ENSP00000264279	1
9606.ENSP00000464342	1
9606.ENSP00000362744	1
9606.ENSP00000447001	1
9606.ENSP00000349274	1
9606.ENSP00000481646	1
9606.ENSP00000296577	1
9606.ENSP00000300651	1
9606.ENSP00000375730	1
9606.ENSP00000454836	1
9606.ENSP00000403172	1
9606.ENSP00000466010	1
9606.ENSP00000261708	1
9606.ENSP00000420311	1
9606.ENSP00000478982	1
9606.ENSP00000469613	1
9606.ENSP00000419449	1
9606.ENSP00000296792	1
9606.ENSP00000348849	1
9606.ENSP00000373404	1
9606.ENSP00000232905	1
9606.ENSP00000322439	1
9606.ENSP00000346015	1
9606.ENSP00000292586	1
9606.ENSP00000357320	1
9606.ENSP00000495672	1
9606.ENSP00000454370	1
9606.ENSP00000370625	1
9606.ENSP00000262584	1
9606.ENSP00000428085	1
9606.ENSP00000230050	1
9606.ENSP00000300648	1
9606.ENSP00000229214	1
9606.ENSP00000259469	1
9606.ENSP00000297579	1
9606.ENSP00000354525	1
9606.ENSP00000270625	1
9606.ENSP00000463842	1
9606.ENSP00000386717	1
9606.ENSP00000431822	1
9606.ENSP00000371169	1
9606.ENSP00000306548	1
9606.ENSP00000296674	1
9606.ENSP00000232888	1
9606.ENSP00000301364	1
9606.ENSP00000431240	1
9606.ENSP00000081029	1
9606.ENSP00000272418	1
9606.ENSP00000418082	1
9606.ENSP00000294189	1
9606.ENSP00000383949	1
9606.ENSP00000223324	1
9606.ENSP00000384952	1
9606.ENSP00000472469	1
9606.ENSP00000053468	1
9606.ENSP00000327179	1
9606.ENSP00000355890	1
9606.ENSP00000281081	2
9606.ENSP00000363832	2
9606.ENSP00000369134	2
9606.ENSP00000419457	2
9606.ENSP00000381736	2
9606.ENSP00000265896	2
9606.ENSP00000240285	2
9606.ENSP00000360918	2
9606.ENSP00000312618	2
9606.ENSP00000260361	2
9606.ENSP00000341021	2
9606.ENSP00000354468	2
9606.ENSP00000227868	2
9606.ENSP00000445122	2
9606.ENSP00000354476	2
9606.ENSP00000260970	2
9606.ENSP00000342007	2
9606.ENSP00000351737	2
9606.ENSP00000309548	2
9606.ENSP00000264027	2
9606.ENSP00000228510	2
9606.ENSP00000279263	2
9606.ENSP00000299529	2
9606.ENSP00000296597	2
9606.ENSP00000322706	2
9606.ENSP00000331640	2
9606.ENSP00000358272	2
9606.ENSP00000324648	2
9606.ENSP00000217971	2
9606.ENSP00000233627	2
9606.ENSP00000303174	2
9606.ENSP00000260682	2
9606.ENSP00000356015	2
9606.ENSP00000007699	2
9606.ENSP00000222982	2
9606.ENSP00000263774	2
9606.ENSP00000423673	2
9606.ENSP00000359297	2
9606.ENSP00000367346	2
9606.ENSP00000349142	2
9606.ENSP00000404438	2
9606.ENSP00000320604	2
9606.ENSP00000370748	2
9606.ENSP00000379430	2
9606.ENSP00000311095	2
9606.ENSP00000294638	2
9606.ENSP00000301012	2
9606.ENSP00000332256	2
9606.ENSP00000337450	2
9606.ENSP00000277010	2
9606.ENSP00000347717	2
9606.ENSP00000259037	2
9606.ENSP00000301141	2
9606.ENSP00000249750	2
9606.ENSP00000333097	2
9606.ENSP00000252711	2
9606.ENSP00000491537	2
9606.ENSP00000418803	2
9606.ENSP00000323076	2
9606.ENSP00000001146	2
9606.ENSP00000417142	2
9606.ENSP00000498864	2
9606.ENSP00000308430	2
9606.ENSP00000254521	2
9606.ENSP00000301457	2
9606.ENSP00000275764	2
9606.ENSP00000344741	2
9606.ENSP00000285979	2
9606.ENSP00000297679	2
9606.ENSP00000420927	2
9606.ENSP00000308032	2
9606.ENSP00000380837	2
9606.ENSP00000261507	2
9606.ENSP00000417052	2
9606.ENSP00000419970	2
9606.ENSP00000277517	2
9606.ENSP00000341625	2
9606.ENSP00000360317	2
9606.ENSP00000475028	2
9606.ENSP00000270517	2
9606.ENSP00000356972	2
9606.ENSP00000304811	2
9606.ENSP00000297785	2
9606.ENSP00000339883	2
9606.ENSP00000242480	2
9606.ENSP00000480571	2
9606.ENSP00000498424	2
9606.ENSP00000256319	2
9606.ENSP00000358414	2
9606.ENSP00000349078	2
9606.ENSP00000003100	2
9606.ENSP00000002125	2
9606.ENSP00000378488	2
9606.ENSP00000360316	2
9606.ENSP00000498939	2
9606.ENSP00000224356	2
9606.ENSP00000315774	2
9606.ENSP00000360958	2
9606.ENSP00000332407	2
9606.ENSP00000280346	2
9606.ENSP00000358421	2
9606.ENSP00000365402	3
9606.ENSP00000399168	3
9606.ENSP00000398890	3
9606.ENSP00000339398	3
9606.ENSP00000408146	3
9606.ENSP00000496848	3
9606.ENSP00000259951	3
9606.ENSP00000393566	3
9606.ENSP00000262865	3
9606.ENSP00000345344	3
9606.ENSP00000324124	3
9606.ENSP00000370201	3
9606.ENSP00000376911	3
9606.ENSP00000485525	3
9606.ENSP00000236826	3
9606.ENSP00000297435	3
9606.ENSP00000364076	3
9606.ENSP00000353099	3
9606.ENSP00000364080	3
9606.ENSP00000364114	3
9606.ENSP00000009530	3
9606.ENSP00000008938	3
9606.ENSP00000396330	3
9606.ENSP00000244709	3
9606.ENSP00000363976	3
9606.ENSP00000485010	3
9606.ENSP00000497910	3
9606.ENSP00000302478	3
9606.ENSP00000365817	3
9606.ENSP00000229829	3
9606.ENSP00000216336	3
9606.ENSP00000231751	3
9606.ENSP00000296435	3
9606.ENSP00000363068	4
9606.ENSP00000410083	4
9606.ENSP00000308772	4
9606.ENSP00000424565	4
9606.ENSP00000382670	4
9606.ENSP00000354623	4
9606.ENSP00000304783	4
9606.ENSP00000372295	4
9606.ENSP00000351732	4
9606.ENSP00000380676	4
9606.ENSP00000329158	4
9606.ENSP00000498322	4
9606.ENSP00000494684	4
9606.ENSP00000384582	4
9606.ENSP00000386331	4
9606.ENSP00000224721	4
9606.ENSP00000258930	4
9606.ENSP00000390394	4
9606.ENSP00000495481	4
9606.ENSP00000265965	4
9606.ENSP00000305941	4
9606.ENSP00000005226	4
9606.ENSP00000382323	4
9606.ENSP00000252597	4
9606.ENSP00000480279	4
9606.ENSP00000415090	4
9606.ENSP00000494017	4
9606.ENSP00000480489	4
9606.ENSP00000470262	5
9606.ENSP00000409231	5
9606.ENSP00000335371	5
9606.ENSP00000485615	5
9606.ENSP00000469888	5
9606.ENSP00000283351	5
9606.ENSP00000330289	5
9606.ENSP00000480332	5
9606.ENSP00000392495	5
9606.ENSP00000006275	5
9606.ENSP00000324318	5
9606.ENSP00000357591	5
9606.ENSP00000291574	5
9606.ENSP00000436005	5
9606.ENSP00000302783	5
9606.ENSP00000373979	5
9606.ENSP00000457728	5
9606.ENSP00000308770	6
9606.ENSP00000002596	6
9606.ENSP00000359581	6
9606.ENSP00000261858	6
9606.ENSP00000259241	6
9606.ENSP00000272452	6
9606.ENSP00000333310	6
9606.ENSP00000356433	6
9606.ENSP00000337446	7
9606.ENSP00000369860	7
9606.ENSP00000269228	7
9606.ENSP00000451206	7
9606.ENSP00000345656	7
9606.ENSP00000009041	7
9606.ENSP00000007414	7
9606.ENSP00000405890	8
9606.ENSP00000497112	8
9606.ENSP00000359319	8
9606.ENSP00000006015	8
9606.ENSP00000283921	8
9606.ENSP00000007735	9
9606.ENSP00000377570	9
9606.ENSP00000251645	9
9606.ENSP00000251646	9
9606.ENSP00000306920	10
9606.ENSP00000363603	10
9606.ENSP00000002165	10
9606.ENSP00000349052	11
9606.ENSP00000006526	11
